{
  "project_info": {
    "project_number": "710716701831",
    "project_id": "login-63fe0",
    "storage_bucket": "login-63fe0.appspot.com"
  },
  "client": [
    {
      "client_info": {
        "mobilesdk_app_id": "1:710716701831:android:cf661e40aeae3fea15cc22",
        "android_client_info": {
          "package_name": "com.example.login"
        }
      },
      "oauth_client": [],
      "api_key": [
        {
          "current_key": "AIzaSyB2bYYMiJuPiTJewId0M8mKkdDIXWWwtu8"
        }
      ],
      "services": {
        "appinvite_service": {
          "other_platform_oauth_client": []
        }
      }
    }
  ],
  "configuration_version": "1"
}